EXPERIMENT_ID	51_Hf05_BlTA_Ct_NOMe_S_1
SAMPLE_ID	51_Hf05_BlTA_Ct
TECHNICAL_REPLICATE_ID	1
BIOLOGICAL_REPLICATE_ID	1
CONTACT_PERSON	Gilles Gasparoni, gillesgasparoni@gmail.com
CONTACT_LAB	Walter
EXPERIMENT_DATE	2015-03-27
EXPERIMENT_TYPE	NOMe
EXTRACTION_PROTOCOL	PCI
EXTRACTION_PROTOCOL_STARTING_NR_CELLS	N/A
EXTRACTION_PROTOCOL_SONICATION_FRAGMENT_SIZE_RANGE	NA
BISULFITE_CONVERSION_PROTOCOL	Zymo EZ-DNA methylation-Gold
LIBRARY_GENERATION_ADAPTOR_LIGATION_PROTOCOL	EpiGnome
LIBRARY_GENERATION_ADAPTOR_SEQUENCE	TGACCA
LIBRARY_GENERATION_PROTOCOL	EpiGnome
LIBRARY_GENERATION_INITIAL_INPUT_QNTY	100 ng
LIBRARY_GENERATION_PCR_F_PRIMER_SEQUENCE	AATGATACGGCGACCACCGAGATCTACAC
LIBRARY_GENERATION_PCR_NUMBER_CYCLES	9
LIBRARY_GENERATION_PCR_POLYMERASE_TYPE	EpiCentre FailSafe PCR Enzyme
LIBRARY_GENERATION_PCR_PRIMER_CONC	200 nM
LIBRARY_GENERATION_PCR_PRODUCT_ISOLATION_PROTOCOL	Ampure Beads XP
LIBRARY_GENERATION_PCR_R_PRIMER_SEQUENCE	CAAGCAGAAGACGGCATACGAGATNNNNNNGTGACTGGAGTTCAGACGTGTGCTCTTCCGATCT
LIBRARY_GENERATION_PCR_TEMPLATE_CONC	N/A
LIBRARY_GENERATION_PCR_THERMOCYCLING_PROGRAM	1m @ 95C, 10*(30s @ 95C, 30s @ 55C, 3m @ 68C), 7m @ 68C, hold at 4C
LIBRARY_GENERATION_PCR_PRODUCT_LENGTH	350
LIBRARY_GENERATION_FRAGMENT_SIZE_SELECTION	N/A
LIBRARY_GENERATION_cDNA_FRAGMENTATION	N/A
ChromatinAccessibility_METHOD	NOMe
ChromatinAccessibility_PROTOCOL	DEEP.NOMe.v1
ChromatinAccessibility_CHROMATIN_AMOUNT	N/A
ChromatinAccessibility_ENZYME	M. CviPI
ChromatinAccessibility_ENZYME_PROVIDER	NEB
ChromatinAccessibility_ENZYME_LOT	N/A
ChromatinAccessibility_CHROMATIN_STATUS	Fresh Frozen
ChromatinAccessibility_ENZYME_AMOUNT	80 U/ml
BIOMATERIAL_PROVIDER	Birgit Sawitzki, Stephan Schlickeiser, Charite; Julia Polansky-Biskup, Alf Hamann, DRFZ
BIOMATERIAL_TYPE	primary cell
CELL_TYPE	CD4-positive, alpha-beta memory T cell
COMMENT	-
DEEP_SAMPLE_ID	51_Hf05_BlTA_Ct
DISEASE	healthy
DONOR_AGE	45
DONOR_HEALTH_STATUS	healthy
DONOR_ID	51_Hf05
DONOR_SEX	female
MARKERS	CD3+, CD4+, CD25-, CD45RA+, CCR7-
ORGANISM	Homo sapiens
POOL	yes
biosource_name	CD4-positive, alpha-beta memory T cell
source	DEEP
epigenetic_mark	DNA Methylation
data_type	peaks
genome	hs37d5
experiment	51_Hf05_BlTA_Ct_NOMe_S_1.NCSv2.20150729.GRCh37.cpg.filtered.HCG.bed
technique	NOMe-seq
DONOR_AGE_UNIT	year
TISSUE_TYPE	blood
