EXPERIMENT_ID	51_Hf05_BlTA_Ct_WGBS_S_2
SAMPLE_ID	51_Hf05_BlTA_Ct
TECHNICAL_REPLICATE_ID	2
BIOLOGICAL_REPLICATE_ID	1
CONTACT_PERSON	Gilles Gasparoni, gillesgasparoni@gmail.com
CONTACT_LAB	Walter Lab; j.walter@mx.uni-saarland.de
EXPERIMENT_DATE	2015/03/27
EXPERIMENT_TYPE	DNA Methylation
EXTRACTION_PROTOCOL	PCI
EXTRACTION_PROTOCOL_STARTING_NR_CELLS	N/A
EXTRACTION_PROTOCOL_SONICATION_FRAGMENT_SIZE_RANGE	N/A
LIBRARY_GENERATION_ADAPTOR_LIGATION_PROTOCOL	EpiGnome
LIBRARY_GENERATION_ADAPTOR_SEQUENCE	CGATGT
LIBRARY_GENERATION_PROTOCOL	EpiGnome
LIBRARY_GENERATION_INITIAL_INPUT_QNTY	100 ng
LIBRARY_GENERATION_PCR_F_PRIMER_SEQUENCE	AATGATACGGCGACCACCGAGATCTACAC
LIBRARY_GENERATION_PCR_NUMBER_CYCLES	9
LIBRARY_GENERATION_PCR_POLYMERASE_TYPE	EpiCentre FailSafe PCR Enzyme
LIBRARY_GENERATION_PCR_PRIMER_CONC	200 nM
LIBRARY_GENERATION_PCR_PRODUCT_ISOLATION_PROTOCOL	Ampure Beads XP
LIBRARY_GENERATION_PCR_R_PRIMER_SEQUENCE	CAAGCAGAAGACGGCATACGAGATNNNNNNGTGACTGGAGTTCAGACGTGTGCTCTTCCGATCT
LIBRARY_GENERATION_PCR_TEMPLATE_CONC	N/A
LIBRARY_GENERATION_PCR_THERMOCYCLING_PROGRAM	1m @ 95C, 10*(30s @ 95C, 30s @ 55C, 3m @ 68C), 7m @ 68C, hold at 4C
LIBRARY_GENERATION_PCR_PRODUCT_LENGTH	350
LIBRARY_GENERATION_FRAGMENT_SIZE_SELECTION	N/A
LIBRARY_GENERATION_cDNA_FRAGMENTATION	N/A
SEQUENCING_PLATFORM	Illumina HiSeq 2500
SEQUENCING_PLATFORM_VERSION	2500
SEQUENCING_CYCLES	101
SEQUENCING_PE_TYPE	paired end
SEQUENCING_LANE	3
SEQUENCING_DATE	2015/04/30
SEQUENCING_RUN_TYPE	Singleplexed PE 2x101 1 Index
SEQUENCING_CHEMISTRY_VERSION	TruSeq SBS Kit v3
SEQUENCING_CLUSTER_GENERATION_KIT_VERSION	TruSeq PE Cluster Kit v3 - cBot - HS
SEQUENCING_PROCESSING_SOFTWARE_VERSION	bcl2fastq 1.8.4
SEQUENCING_CONTROL_SOFTWARE_VERSION	HCS 2.2.38 / RTA 1.18.61 / Recipe Fragment 1.5.14.0
BISULFITE_CONVERSION_PROTOCOL	Zymo EZ-DNA methylation-Gold
