EXPERIMENT_ID	51_Hf01_BlCM_Ct_NOMe_S_1
SAMPLE_ID	51_Hf01_BlCM_Ct
TECHNICAL_REPLICATE_ID	1
BIOLOGICAL_REPLICATE_ID	1
CONTACT_PERSON	Gilles Gasparoni, gillesgasparoni@gmail.com
CONTACT_LAB	Walter Lab; j.walter@mx.uni-saarland.de
EXPERIMENT_DATE	2013/12/03
EXPERIMENT_TYPE	NOMe
EXTRACTION_PROTOCOL	N/A
EXTRACTION_PROTOCOL_STARTING_NR_CELLS	3.7x10^6
EXTRACTION_PROTOCOL_SONICATION_FRAGMENT_SIZE_RANGE	100-500
LIBRARY_GENERATION_ADAPTOR_LIGATION_PROTOCOL	Illumina TruSeq SamplePrep v2
LIBRARY_GENERATION_ADAPTOR_SEQUENCE	CTTGTA,GCCAAT
LIBRARY_GENERATION_PROTOCOL	Illumina TruSeq SamplePrep v2
LIBRARY_GENERATION_INITIAL_INPUT_QNTY	400 ng
LIBRARY_GENERATION_PCR_F_PRIMER_SEQUENCE	PCR Primer Cocktail (PPC)
LIBRARY_GENERATION_PCR_NUMBER_CYCLES	8
LIBRARY_GENERATION_PCR_POLYMERASE_TYPE	HotFire Pol (Solis BioDyne)
LIBRARY_GENERATION_PCR_PRIMER_CONC	5 µl of PPC
LIBRARY_GENERATION_PCR_PRODUCT_ISOLATION_PROTOCOL	Ampure Beads XP
LIBRARY_GENERATION_PCR_R_PRIMER_SEQUENCE	PCR Primer Cocktail (PPC)
LIBRARY_GENERATION_PCR_TEMPLATE_CONC	10 ng/µl
LIBRARY_GENERATION_PCR_THERMOCYCLING_PROGRAM	15m @ 95°C, 8*(30s @ 96°C, 30s @ 65°C, 30s @ 72°C), 5m @ 72°C, hold at 4°C
LIBRARY_GENERATION_PCR_PRODUCT_LENGTH	400
LIBRARY_GENERATION_FRAGMENT_SIZE_SELECTION	200-500
LIBRARY_GENERATION_cDNA_FRAGMENTATION	Bioruptor NGS
SEQUENCING_PLATFORM	Illumina HiSeq 2500
SEQUENCING_PLATFORM_VERSION	2500
SEQUENCING_CYCLES	101
SEQUENCING_PE_TYPE	paired end
SEQUENCING_LANE	1;4;5
SEQUENCING_DATE	2013/12/19;2014/03/22;2014/03/22
SEQUENCING_RUN_TYPE	Singleplexed PE 2x101 1 Index
SEQUENCING_CHEMISTRY_VERSION	TruSeq SBS Kit v3
SEQUENCING_CLUSTER_GENERATION_KIT_VERSION	TruSeq PE Cluster Kit v3 - cBot - HS
SEQUENCING_PROCESSING_SOFTWARE_VERSION	bcl2fastq 1.8.4
SEQUENCING_CONTROL_SOFTWARE_VERSION	HCS 2.0.12.0 / RTA 1.17.21.3 / Recipe Fragment 1.3.61.0
BISULFITE_CONVERSION_PROTOCOL	Zymo EZ-DNA methylation-Gold
ChromatinAccessibility_METHOD	NOMe
ChromatinAccessibility_PROTOCOL	DEEP.NOMe.v1
ChromatinAccessibility_CHROMATIN_AMOUNT	500000
ChromatinAccessibility_ENZYME	M. CviPI
ChromatinAccessibility_ENZYME_PROVIDER	NEB
ChromatinAccessibility_ENZYME_LOT	N/A
ChromatinAccessibility_ENZYME_AMOUNT	80 U/ml
