EXPERIMENT_ID	51_Hf01_BlCM_Ct_H3K27me3_B_1
SAMPLE_ID	51_Hf01_BlCM_Ct
TECHNICAL_REPLICATE_ID	no technical replicate
BIOLOGICAL_REPLICATE_ID	[MISSING]
CONTACT_PERSON	Sarah Kinkley (kinkley@molgen.mpg.de) Na Li (nali@molgen.mpg.de) Ho-Ryun Chung (chung@molgen.mpg.de)
CONTACT_LAB	Epigenomics Lab at the Max Planck Institute for Molecular Genetics
EXPERIMENT_DATE	2013/09/17
EXPERIMENT_TYPE	ChIP-seq
EXTRACTION_PROTOCOL	Lysis (100mM NaCl, 50 mM Tris-HCl pH8.1, 0.2% NaN3, 1%SDS, 3% Triton X-100) dilution for sonification to 0.33% SDS with (50 mM Tris-HCl pH8.6, 100mM NaCl, 5mM EDTA pH 8.0, 0.2% NaN3)
LIBRARY_GENERATION_ADAPTOR_SEQUENCE	5' AATGATACGGCGACCACCGAGATCTACACTCTTTCCCTACACGACGCTCTTCCGATCT---Insert-----AGATCGGAAGAGCACACGTCTGAACTCCAGTCACGCCAATATCTCGTATGCCGTCTTCTGCTTG 3'
LIBRARY_GENERATION_PROTOCOL	Diagenode µ-Plex Library kit
LIBRARY_GENERATION_PCR_F_PRIMER_SEQUENCE	Universal PCR Primer for Illumina 5'-AATGATACGGCGACCACCGAGATCTACACTCTTTCCCTACACGACGCTCTTCCGATC*T-3'
LIBRARY_GENERATION_PCR_NUMBER_CYCLES	12
LIBRARY_GENERATION_PCR_POLYMERASE_TYPE	similar or better than KAPA HiFi polymerase
LIBRARY_GENERATION_PCR_PRIMER_CONC	not given in the protocol
LIBRARY_GENERATION_PCR_PRODUCT_ISOLATION_PROTOCOL	Agencourt AMPure XP Beads (Beckman Coulter, A63881)
LIBRARY_GENERATION_PCR_R_PRIMER_SEQUENCE	Index 6 Primer 5´-CAAGCAGAAGACGGCATACGAGATATTGGCGTGACTGGAGTTCAGACGTGTGCTCTTCCGATC-s-T-3´
LIBRARY_GENERATION_PCR_TEMPLATE_CONC	4 ng
LIBRARY_GENERATION_PCR_THERMOCYCLING_PROGRAM	6 Steps: 1 Cycle: 72°C for 3 min; 1 Cycle: 85°C for 2 min; 1 Cycle: 98°C for 2 min; 4 Cycles: 98°C for 20 sec, 67°C 20 sec, 72°C for 50sec;12 Cycles: 98°C for 20 sec, 72°C for 50 sec; Hold at 4°C
LIBRARY_GENERATION_PCR_PRODUCT_LENGTH	Fragment size distribution from 200 bp to 600 bp
LIBRARY_GENERATION_FRAGMENT_SIZE_SELECTION	0.5 AMPure XP Bead mixture (to remove fragments greater than 1000bp) and 0.85AMPure XP Bead mixture (to remove fragments smaller than 200bp)
CHIP_PROTOCOL	"Auto Histone ChIP Kit (Diagenode). Indirect method. ChIP_16_IPure_200_15h antibody incubation and 10h bead incubation ""5 min washes. Decrosslink ON at 65°C; Rnase A 30 min at 37°C; Proteinase K treatment 4 h at 55°C. Purification by Phenol Chloroform Extraction and ON precipitation"""
CHIP_PROTOCOL_CHROMATIN_AMOUNT	33,8 ng from 200,000 cells
CHIP_ANTIBODY	H3K27me3
CHIP_ANTIBODY_CATALOG	pAb-195-050
CHIP_ANTIBODY_LOT	A1811-001P
CHIP_ANTIBODY_PROVIDER	Diagenode
CHIP_PROTOCOL_ANTIBODY_AMOUNT	1 µg
CHIP_PROTOCOL_BEAD_AMOUNT	20 µl (although we only used 10 µl beads, but the 20 µl program due to the ChIP volume)
CHIP_PROTOCOL_BEAD_TYPE	magnetic beads A from Auto histone kit (Diagenode)
FULL_LENGTH_PROTOCOL_LINK	[MISSING]
EXTRACTION_PROTOCOL_SONICATION_CYCLES	3 x 8 cycles at high frequency
EXTRACTION_PROTOCOL_TYPE_OF_SONICATOR	Bioruptor Plus
DNA_PREPARATION_FRAGMENT_SIZE_RANGE	200-600 bp
DNA_PREPARATION_INITIAL_DNA_QNTY	0,57 µg of DNA in 200,000 cells
SEQUENCING_PLATFORM	Illumina HiSeq 2500
SEQUENCING_PLATFORM_VERSION	version 2500
SEQUENCING_CYCLES	2x50 bp 6bp Index GCCAAT
SEQUENCING_PE_TYPE	paired end
SEQUENCING_LANE	H7AEAADXX_Lane1_Lane2 D22FWACXX_Lane1
SEQUENCING_FC_ID	H7AEAADXX D22FWACXX
SEQUENCING_DATE	H7AEAADXX_2013_08_26 D22FWACXX_2013_09_17
SEQUENCING_RUN_TYPE	multiplex paired end (2x50 bp
SEQUENCING_CHEMISTRY_VERSION	TruSeq SBS Kit v3 - HS (50-cycles)
SEQUENCING_CLUSTER_GENERATION_KIT_VERSION	TruSeq PE Cluster Kit v3 - cBot - HS
SEQUENCING_PROCESSING_SOFTWARE_VERSION	CASAVA 1.8.4
SEQUENCING_CONTROL_SOFTWARE_VERSION	HCS 2.0.12.0 / RTA 1.17.21.3 / Recipe PE51
