BIOLOGICAL_REPLICATE_ID	1
CONTACT_LAB	Walter
CONTACT_PERSON	Gilles Gasparoni, gillesgasparoni@gmail.com
EXPERIMENT_DATE	2015-04-20
EXPERIMENT_ID	41_Hm07_LiHe_St_WGBS_S_2_emd.tsv
EXPERIMENT_TYPE	DNA Methylation
EXTRACTION_PROTOCOL	PCI
EXTRACTION_PROTOCOL_STARTING_NR_CELLS	N/A
FULL_LENGTH_PROTOCOL_LINK	no-data
LIBRARY_GENERATION_cDNA_FRAGMENTATION	N/A
LIBRARY_GENERATION_FRAGMENT_SIZE_SELECTION	N/A
LIBRARY_GENERATION_INITIAL_INPUT_QNTY	100 ng
LIBRARY_GENERATION_PCR_F_PRIMER_SEQUENCE	AATGATACGGCGACCACCGAGATCTACAC
LIBRARY_GENERATION_PCR_NUMBER_CYCLES	9
LIBRARY_GENERATION_PCR_POLYMERASE_TYPE	EpiCentre FailSafe PCR Enzyme
LIBRARY_GENERATION_PCR_PRIMER_CONC	200 nM
LIBRARY_GENERATION_PCR_PRODUCT_ISOLATION_PROTOCOL	Ampure Beads XP
LIBRARY_GENERATION_PCR_PRODUCT_LENGTH	350 bp
LIBRARY_GENERATION_PCR_R_PRIMER_SEQUENCE	CAAGCAGAAGACGGCATACGAGATNNNNNNGTGACTGGAGTTCAGACGTGTGCTCTTCCGATCT
LIBRARY_GENERATION_PCR_TEMPLATE_CONC	N/A
LIBRARY_GENERATION_PCR_THERMOCYCLING_PROGRAM	1m @ 95C, 10*(30s @ 95C, 30s @ 55C, 3m @ 68C), 7m @ 68C, hold at 4C
LIBRARY_GENERATION_PROTOCOL	EpiGnome
RNA_cDNA_PREPARATION_INITIAL_RNA_QNTY	no-data
RNA_cDNA_PREPARATION_PCR_NUMBER_CYCLES	no-data
RNA_cDNA_PREPARATION_REVERSE_TRANSCRIPTION_PROTOCOL	no-data
RNA_EXTRACTION_PROTOCOL	no-data
RNA_EXTRACTION_PROTOCOL_FRAGMENTATION	no-data
RNA_PREPARATION_3'_RNA_ADAPTER_LIGATION_PROTOCOL	no-data
RNA_PREPARATION_3'_RNA_ADAPTER_SEQUENCE	no-data
RNA_PREPARATION_5'_DEPHOSPHORYLATION	no-data
RNA_PREPARATION_5'_PHOSPHORYLATION	no-data
RNA_PREPARATION_5'_RNA_ADAPTER_LIGATION_PROTOCOL	no-data
RNA_PREPARATION_5'_RNA_ADAPTER_SEQUENCE	no-data
RNA_PREPARATION_FRAGMENT_SIZE_RANGE	no-data
RNA_PREPARATION_INITIAL_QNTY	no-data
RNA_PREPARATION_REVERSE_TRANSCRIPTION_PRIMER_SEQUENCE	no-data
RNA_PREPARATION_REVERSE_TRANSCRIPTION_PROTOCOL	no-data
RNA_PROTOCOL_ENRICHMENT	no-data
SAMPLE_ID	41_Hm07_LiHe_St
SEQUENCING_CHEMISTRY_VERSION	no-data
SEQUENCING_CLUSTER_GENERATION_KIT_VERSION	no-data
SEQUENCING_CONTROL_SOFTWARE_VERSION	no-data
SEQUENCING_CYCLES	no-data
SEQUENCING_DATE	no-data
SEQUENCING_LANE	no-data
SEQUENCING_PE_TYPE	no-data
SEQUENCING_PLATFORM	no-data
SEQUENCING_PLATFORM_VERSION	no-data
SEQUENCING_PROCESSING_SOFTWARE_VERSION	no-data
SEQUENCING_RUN_TYPE	no-data
TECHNICAL_REPLICATE_ID	2
ChromatinAccessibility_CHROMATIN_AMOUNT	no-data
ChromatinAccessibility_CHROMATIN_STATUS	no-data
ChromatinAccessibility_ENZYME	no-data
ChromatinAccessibility_ENZYME_AMOUNT	no-data
ChromatinAccessibility_ENZYME_LOT	no-data
ChromatinAccessibility_ENZYME_PROVIDER	no-data
ChromatinAccessibility_METHOD	no-data
ChromatinAccessibility_PROTOCOL	no-data
EXTRACTION_PROTOCOL_SONICATION_FRAGMENT_SIZE_RANGE	no-data
LIBRARY_GENERATION_ADAPTOR_LIGATION_PROTOCOL	EpiGnome
LIBRARY_GENERATION_ADAPTOR_SEQUENCE	TGACCA
CHIP_ANTIBODY	no-data
CHIP_ANTIBODY_CATALOG	no-data
CHIP_ANTIBODY_LOT	no-data
CHIP_ANTIBODY_PROVIDER	no-data
CHIP_PROTOCOL	no-data
CHIP_PROTOCOL_ANTIBODY_AMOUNT	no-data
CHIP_PROTOCOL_BEAD_AMOUNT	no-data
CHIP_PROTOCOL_BEAD_TYPE	no-data
CHIP_PROTOCOL_CHROMATIN_AMOUNT	no-data
CHIP_PROTOCOL_DURATION_CROSSLINKING	no-data
CHIP_PROTOCOL_IPSTAR_CONDITIONS	no-data
CHIP_PROTOCOL_PERC_CH2O_CROSSLINKING	no-data
CHIP_PROTOCOL_SHEARING_CYCLES	no-data
CHIP_PROTOCOL_SHEARING_FREQUENCY	no-data
CHIP_PROTOCOL_SHEARING_METHOD	no-data
BISULFITE_CONVERSION_PROTOCOL	Zymo EZ-DNA methylation-Gold
DNA_PREPARATION_FRAGMENT_SIZE_RANGE	no-data
DNA_PREPARATION_INITIAL_DNA_QNTY	no-data
EXTRACTION_PROTOCOL_SONICATION_CYCLES	no-data
EXTRACTION_PROTOCOL_TYPE_OF_SONICATOR	no-data
SEQUENCING_FC_ID	no-data
