EXPERIMENT_ID	41_Mm09_LiHe_OC_RRBS_S_1
SAMPLE_ID	41_Mm09_LiHe_OC
TECHNICAL_REPLICATE_ID	1
BIOLOGICAL_REPLICATE_ID	1
CONTACT_PERSON	Gilles Gasparoni, gillesgasparoni@gmail.com
CONTACT_LAB	Walter Lab; j.walter@mx.uni-saarland.de
EXPERIMENT_DATE	2014/08/11
EXPERIMENT_TYPE	RRBS
EXTRACTION_PROTOCOL	N/A
EXTRACTION_PROTOCOL_STARTING_NR_CELLS	N/A
EXTRACTION_PROTOCOL_SONICATION_FRAGMENT_SIZE_RANGE	N/A
LIBRARY_GENERATION_ADAPTOR_LIGATION_PROTOCOL	DEEP.RRBS.v1
LIBRARY_GENERATION_ADAPTOR_SEQUENCE	ATGTCA
LIBRARY_GENERATION_PROTOCOL	DEEP.RRBS.v1
LIBRARY_GENERATION_INITIAL_INPUT_QNTY	160 ng
LIBRARY_GENERATION_PCR_F_PRIMER_SEQUENCE	AATGATACGGCGACCACCGAGATCTACAC
LIBRARY_GENERATION_PCR_NUMBER_CYCLES	14
LIBRARY_GENERATION_PCR_POLYMERASE_TYPE	Qiagen HotStar Taq
LIBRARY_GENERATION_PCR_PRIMER_CONC	N/A
LIBRARY_GENERATION_PCR_PRODUCT_ISOLATION_PROTOCOL	Ampure Beads XP
LIBRARY_GENERATION_PCR_R_PRIMER_SEQUENCE	CAAGCAGAAGACGGCATACGAGAT
LIBRARY_GENERATION_PCR_TEMPLATE_CONC	N/A
LIBRARY_GENERATION_PCR_THERMOCYCLING_PROGRAM	15m @ 95C, 14*(30s @ 95C, 30s @ 60C, 1m @ 72C), 7m @ 72C, hold at 4C
LIBRARY_GENERATION_PCR_PRODUCT_LENGTH	380
LIBRARY_GENERATION_FRAGMENT_SIZE_SELECTION	N/A
LIBRARY_GENERATION_cDNA_FRAGMENTATION	MspI
SEQUENCING_PLATFORM	Illumina HiSeq 2500
SEQUENCING_PLATFORM_VERSION	2500
SEQUENCING_CYCLES	100;101;101
SEQUENCING_PE_TYPE	single end
SEQUENCING_LANE	1;1;2
SEQUENCING_DATE	2014/11/12;2014/09/26;2014/09/26
SEQUENCING_RUN_TYPE	Singleplexed SE 1x100 1 Index;Singleplexed SE 1x101 1 Index;Singleplexed SE 1x101 1 Index
SEQUENCING_CHEMISTRY_VERSION	TruSeq SBS Kit v3
SEQUENCING_CLUSTER_GENERATION_KIT_VERSION	TruSeq SR Cluster Kit v3 - cBot - HS
SEQUENCING_PROCESSING_SOFTWARE_VERSION	bcl2fastq 1.8.4
SEQUENCING_CONTROL_SOFTWARE_VERSION	HCS 2.2.38 / RTA 1.18.61 / Recipe Fragment 1.5.14.0
BISULFITE_CONVERSION_PROTOCOL	Zymo EZ-DNA methylation
