BIOLOGICAL_REPLICATE_ID	NO
CONTACT_LAB	Epigenomics Lab at the Max Planck Institute for Molecular Genetics
CONTACT_PERSON	Na Li(nali@molgen.mpg.de)
EXPERIMENT_DATE	2/27/2015
EXPERIMENT_ID	51_Hf04_BlTN_Ct_H3K4me3_B_1_emd.tsv
EXPERIMENT_TYPE	ChIP-seq
EXTRACTION_PROTOCOL	Lysis (100mM NaCl, 50 mM Tris-HCl pH8.1, 0.2% NaN3, 1%SDS, 3% Triton X-100) dilution for sonification to 0.33% SDS with (50 mM Tris-HCl pH8.6, 100mM NaCl, 5mM EDTA pH 8.0, 0.2% NaN3)
EXTRACTION_PROTOCOL_STARTING_NR_CELLS	3,000,000 cells
FULL_LENGTH_PROTOCOL_LINK	no-data
LIBRARY_GENERATION_cDNA_FRAGMENTATION	N/A
LIBRARY_GENERATION_FRAGMENT_SIZE_SELECTION	0.56 AMPure XP Bead mixture (to remove fragments greater than 1000bp) and 0.95AMPure XP Bead mixture (to remove fragments smaller than 200bp)
LIBRARY_GENERATION_INITIAL_INPUT_QNTY	0,5 ng
LIBRARY_GENERATION_PCR_F_PRIMER_SEQUENCE	Universal PCR Primer for Illumina 5´-AATGATACGGCGACCACCGAGATCTACACTCTTTCCCTACACGACGCTCTTCCGATC*T-3´
LIBRARY_GENERATION_PCR_NUMBER_CYCLES	10
LIBRARY_GENERATION_PCR_POLYMERASE_TYPE	similar or better than KAPA HiFi polymerase
LIBRARY_GENERATION_PCR_PRIMER_CONC	not given in the protocol
LIBRARY_GENERATION_PCR_PRODUCT_ISOLATION_PROTOCOL	Agencourt AMPure XP Beads (Beckman Coulter)
LIBRARY_GENERATION_PCR_PRODUCT_LENGTH	200 bp-1000 bp
LIBRARY_GENERATION_PCR_R_PRIMER_SEQUENCE	Index 4 Primer 5´-CAAGCAGAAGACGGCATACGAGATACTGGTGTGACTGGAGTTCAGACGTGTGCTCTTCCGATC-s-T-3´
LIBRARY_GENERATION_PCR_TEMPLATE_CONC	N/A
LIBRARY_GENERATION_PCR_THERMOCYCLING_PROGRAM	6 Steps: 1 Cycle: 72°C for 3 min; 1 Cycle: 85°C for 2 min; 1 Cycle: 98°C for 2 min; 4 Cycles: 98°C for 20 sec, 67°C 20 sec, 72°C for 50sec;10 Cycles: 98°C for 20 sec, 72°C for 50 sec; Hold at 4°C
LIBRARY_GENERATION_PROTOCOL	refer to manufacturer instruction
RNA_cDNA_PREPARATION_INITIAL_RNA_QNTY	[MISSING]
RNA_cDNA_PREPARATION_PCR_NUMBER_CYCLES	[MISSING]
RNA_cDNA_PREPARATION_REVERSE_TRANSCRIPTION_PROTOCOL	[MISSING]
RNA_EXTRACTION_PROTOCOL	[MISSING]
RNA_EXTRACTION_PROTOCOL_FRAGMENTATION	[MISSING]
RNA_PREPARATION_3'_RNA_ADAPTER_LIGATION_PROTOCOL	[MISSING]
RNA_PREPARATION_3'_RNA_ADAPTER_SEQUENCE	[MISSING]
RNA_PREPARATION_5'_DEPHOSPHORYLATION	[MISSING]
RNA_PREPARATION_5'_PHOSPHORYLATION	[MISSING]
RNA_PREPARATION_5'_RNA_ADAPTER_LIGATION_PROTOCOL	[MISSING]
RNA_PREPARATION_5'_RNA_ADAPTER_SEQUENCE	[MISSING]
RNA_PREPARATION_FRAGMENT_SIZE_RANGE	[MISSING]
RNA_PREPARATION_INITIAL_QNTY	[MISSING]
RNA_PREPARATION_REVERSE_TRANSCRIPTION_PRIMER_SEQUENCE	[MISSING]
RNA_PREPARATION_REVERSE_TRANSCRIPTION_PROTOCOL	[MISSING]
RNA_PROTOCOL_ENRICHMENT	[MISSING]
SAMPLE_ID	51_Hf04_BlTN_Ct
SEQUENCING_CHEMISTRY_VERSION	no-data
SEQUENCING_CLUSTER_GENERATION_KIT_VERSION	no-data
SEQUENCING_CONTROL_SOFTWARE_VERSION	no-data
SEQUENCING_CYCLES	no-data
SEQUENCING_DATE	no-data
SEQUENCING_LANE	no-data
SEQUENCING_PE_TYPE	no-data
SEQUENCING_PLATFORM	no-data
SEQUENCING_PLATFORM_VERSION	no-data
SEQUENCING_PROCESSING_SOFTWARE_VERSION	no-data
SEQUENCING_RUN_TYPE	no-data
TECHNICAL_REPLICATE_ID	no technical replicate
ChromatinAccessibility_CHROMATIN_AMOUNT	[MISSING]
ChromatinAccessibility_CHROMATIN_STATUS	[MISSING]
ChromatinAccessibility_ENZYME	[MISSING]
ChromatinAccessibility_ENZYME_AMOUNT	[MISSING]
ChromatinAccessibility_ENZYME_LOT	[MISSING]
ChromatinAccessibility_ENZYME_PROVIDER	[MISSING]
ChromatinAccessibility_METHOD	[MISSING]
ChromatinAccessibility_PROTOCOL	[MISSING]
EXTRACTION_PROTOCOL_SONICATION_FRAGMENT_SIZE_RANGE	150-400 bp
LIBRARY_GENERATION_ADAPTOR_LIGATION_PROTOCOL	Diagenode Microplex Library preparation Kit version 2
LIBRARY_GENERATION_ADAPTOR_SEQUENCE	5’ AATGATACGGCGACCACCGAGATCTACACTCTTTCCCTACACGACGCTCTTCCGATCT---Insert---AGATCGGAAGAGCACACGTCTGAACTCCAGTCACTGACCAATCTCGTATGCCGTCTTCTGCTTG 3’ 3’ TTACTATGCCGCTGGTGGCTCTAGATGTGAGAAAGGGATGTGCTGCGAGAAGGCTAGA---Insert---TCTAGCCTTCTCGTGTGCAGACTTGAGGTCAGTGACTGGTTAGAGCATACGGCAGAAGACGAAC 5’
CHIP_ANTIBODY	H3K4me3
CHIP_ANTIBODY_CATALOG	pAb-003-050
CHIP_ANTIBODY_LOT	A5051-001P
CHIP_ANTIBODY_PROVIDER	Diagenode
CHIP_PROTOCOL	Auto Histone ChIP Kit (Diagenode)
CHIP_PROTOCOL_ANTIBODY_AMOUNT	1 µg
CHIP_PROTOCOL_BEAD_AMOUNT	10 µl
CHIP_PROTOCOL_BEAD_TYPE	protein A beads (Diagenode)
CHIP_PROTOCOL_CHROMATIN_AMOUNT	330,000 cells/ChIP
CHIP_PROTOCOL_DURATION_CROSSLINKING	5 min
CHIP_PROTOCOL_IPSTAR_CONDITIONS	Indirect method. ChIP_16_IPure_200_11h antibody incubation and 7h bead incubation
CHIP_PROTOCOL_PERC_CH2O_CROSSLINKING	1% formaldehyde
CHIP_PROTOCOL_SHEARING_CYCLES	3 x 10cycles of 30 seconds ON, 30 seconds OFF
CHIP_PROTOCOL_SHEARING_FREQUENCY	High frequency
CHIP_PROTOCOL_SHEARING_METHOD	bioruptor pico
BISULFITE_CONVERSION_PROTOCOL	[MISSING]
DNA_PREPARATION_FRAGMENT_SIZE_RANGE	no-data
DNA_PREPARATION_INITIAL_DNA_QNTY	no-data
EXTRACTION_PROTOCOL_SONICATION_CYCLES	no-data
EXTRACTION_PROTOCOL_TYPE_OF_SONICATOR	no-data
SEQUENCING_FC_ID	no-data
