EXPERIMENT_ID	51_Hf12_SFTR_RD_tRNA_M_1
RNA_cDNA_PREPARATION_PCR_NUMBER_CYCLES__0	[MISSING]
RNA_EXTRACTION_PROTOCOL_FRAGMENTATION___0	[MISSING]
RNA_PREPARATION_FRAGMENT_SIZE_RANGE_____0	[MISSING]
METADATA_TAG____METADATA_VALUE	[MISSING]
CONTACT_PERSON__Madlen_Sohn_(madlen.sohn@mdc-berlin.de)	[MISSING]
CONTACT_LAB_____MDC	[MISSING]
SAMPLE_ID_______51_Hf12_SFTR_RD	[MISSING]
EXPERIMENT_TYPE_Stranded_totalRNA-seq	[MISSING]
EXPERIMENT_DATE_03/16/16	[MISSING]
TECHNICAL_REPLICATE_ID__0	[MISSING]
FULL_LENGTH_PROTOCOL_LINK_______http://supportres.illumina.com/documents/documentation/chemistry_documentation/samplepreps_truseq/truseqstrandedtotalrna/truseq-stranded-total-rna-sample-prep-guide-15031048-e.pdf	[MISSING]
BIOLOGICAL_REPLICATE_ID_0	[MISSING]
EXTRACTION_PROTOCOL_____TRIzol_RNA_Isolation_for_Cells._TRIzol_(Life_Technologies,_15596-018)_RNA_Isolation,_performed_following_the_manufacturer_instruction_to_isolate_total_RNA,_used_1_ml_TRIzol_per_Sample._Followed_by_Isopropyl_alcohol/Ethanol_precipitation	[MISSING]
EXTRACTION_PROTOCOL_STARTING_NR_CELLS___5E7	[MISSING]
LIBRARY_GENERATION_PROTOCOL_____Illumina_TrueSeq_stranded_totalRNA_(Part_#_15031048_Rev._E)	[MISSING]
LIBRARY_GENERATION_INITIAL_INPUT_QNTY___500ng_total_RNA	[MISSING]
LIBRARY_GENERATION_PCR_F_PRIMER_SEQUENCE________5'_ATGATACGGCGACCACCGAGATCTACACTCTTTCCCTACACGACGCTCTTCCGATCT	[MISSING]
LIBRARY_GENERATION_PCR_NUMBER_CYCLES____15	[MISSING]
LIBRARY_GENERATION_PCR_POLYMERASE_TYPE__From_mastermix_of_TruSeq_stranded_totalRNA_kit	[MISSING]
LIBRARY_GENERATION_PCR_PRODUCT_ISOLATION_PROTOCOL_______AmpureXP_beads	[MISSING]
LIBRARY_GENERATION_PCR_R_PRIMER_SEQUENCE________5'_GATCGGAAGAGCACACGTCTGAACTCCAGTCAC_ACTGAT_ATCTCGTATGCCGTCTTCTGCTTG	[MISSING]
LIBRARY_GENERATION_PCR_TEMPLATE_CONC____500ng_total_RNA	[MISSING]
"LIBRARY_GENERATION_PCR_THERMOCYCLING_PROGRAM____30""_9degC,_[10""_98degC,_30""_60degC,_30""_72degC]_15_cycles,_5'_72degC,_hold_4degC"	[MISSING]
LIBRARY_GENERATION_PCR_PRODUCT_LENGTH___317	[MISSING]
LIBRARY_GENERATION_FRAGMENT_SIZE_SELECTION______none	[MISSING]
LIBRARY_GENERATION_cDNA_FRAGMENTATION___Full-length_cDNA_was_sheared_using_fragmentation_mix_from_TruSeq_kit,_8'_at_94degC	[MISSING]
RNA_PROTOCOL_ENRICHMENT_________RiboZeroGold_depleted_total_RNA	[MISSING]
RNA_cDNA_PREPARATION_INITIAL_RNA_QNTY___500ng_total_RNA	[MISSING]
RNA_cDNA_PREPARATION_REVERSE_TRANSCRIPTION_PROTOCOL_____16degC_for_1h	[MISSING]
RNA_EXTRACTION_PROTOCOL_________Trizol___(Life_Technoligies_Cat._No._15596-018)	[MISSING]
RNA_PREPARATION_INITIAL_QNTY____500ng_total_RNA	[MISSING]
RNA_PREPARATION_3'_RNA_ADAPTER_LIGATION_PROTOCOL________according_to_Illumina_TruSeq_stranded_totalRNA_protocol	[MISSING]
RNA_PREPARATION_3'_RNA_ADAPTER_SEQUENCE_according_to_Illumina_TruSeq_stranded_totalRNA_protocol	[MISSING]
RNA_PREPARATION_5'_DEPHOSPHORYLATION____according_to_Illumina_TruSeq_stranded_totalRNA_protocol	[MISSING]
RNA_PREPARATION_5'_PHOSPHORYLATION______according_to_Illumina_TruSeq_stranded_totalRNA_protocol	[MISSING]
RNA_PREPARATION_5'_RNA_ADAPTER_LIGATION_PROTOCOL________according_to_Illumina_TruSeq_stranded_totalRNA_protocol	[MISSING]
RNA_PREPARATION_5'_RNA_ADAPTER_SEQUENCE_according_to_Illumina_TruSeq_stranded_totalRNA_protocol	[MISSING]
RNA_PREPARATION_REVERSE_TRANSCRIPTION_PRIMER_SEQUENCE___according_to_Illumina_TruSeq_stranded_totalRNA_protocol	[MISSING]
RNA_PREPARATION_REVERSE_TRANSCRIPTION_PROTOCOL__according_to_Illumina_TruSeq_stranded_totalRNA_protocol	[MISSING]
SEQUENCING_PLATFORM_____Illumina_HiSeq	[MISSING]
SEQUENCING_PLATFORM_VERSION_____2000	[MISSING]
SEQUENCING_CYCLES_______209	[MISSING]
SEQUENCING_PE_TYPE______PAIRED_END	[MISSING]
SEQUENCING_LANE_8	[MISSING]
SEQUENCING_DATE_04/04/16	[MISSING]
SEQUENCING_RUN_TYPE_____Multiplexed_PE_2x101_+_7_Index	[MISSING]
SEQUENCING_CHEMISTRY_VERSION____TruSeq_200_cycle_kit_v3	[MISSING]
SEQUENCING_CLUSTER_GENERATION_KIT_VERSION_______SR_TruSeq_Cluster_Kit_v3	[MISSING]
SEQUENCING_PROCESSING_SOFTWARE_VERSION__bcl2fastq_v2.17.1.14	[MISSING]
SEQUENCING_CONTROL_SOFTWARE_VERSION_____HCS_2.2.58_/_RTA_1.18.64/_Recipe_Fragment:_1.5.210	[MISSING]
