EXPERIMENT_ID	44_Mm01_WEAd_C2_INPUT_F_1
SAMPLE_ID	44_Mm01_WEAd_C2
TECHNICAL_REPLICATE_ID	1
BIOLOGICAL_REPLICATE_ID	1
CONTACT_PERSON	Andrew Pospisilik (pospisilik@ie-freiburg.mpg.de); Laura Arrigoni (arrigoni@ie-freiburg.mpg.de); Andreas Richter (arichter@ie-freiburg.mpg.de); Thomas Manke (manke@ie-freiburg.mpg.de)
CONTACT_LAB	MPI-IE Deep Sequencing Facility; Thomas Manke (manke@ie-freiburg.mpg.de)
EXPERIMENT_DATE	2013/07/15
EXPERIMENT_TYPE	ChIP-seq
EXTRACTION_PROTOCOL	Arrigoni L. et al. https://doi.org/10.1093/nar/gkv1495
EXTRACTION_PROTOCOL_STARTING_NR_CELLS	1.3x10^6
EXTRACTION_PROTOCOL_SONICATION_FRAGMENT_SIZE_RANGE	100-700 
LIBRARY_GENERATION_ADAPTOR_LIGATION_PROTOCOL	NEBNext® Ultra DNA Library Prep Kit for Illumina® (E7370S/L)
LIBRARY_GENERATION_ADAPTOR_SEQUENCE	NEBNext Adaptor for Illumina (NEB, E7335) 5´-/5Phos/GATCGGAAGAGCACACGTCTGAACTCCAGTC/ideoxyU/ACACTCTTTCCCTACACGACGCTCTTCCGATC*T-3´
LIBRARY_GENERATION_PROTOCOL	NEBNext® Ultra DNA Library Prep Kit for Illumina® (E7370S/L)
LIBRARY_GENERATION_INITIAL_INPUT_QNTY	9.3 ng
LIBRARY_GENERATION_PCR_F_PRIMER_SEQUENCE	NEBNext Universal PCR Primer for Illumina (NEB, E7335); 5'-AATGATACGGCGACCACCGAGATCTACACTCTTTCCCTACACGACGCTCTTCCGATC*T-3'
LIBRARY_GENERATION_PCR_NUMBER_CYCLES	10
LIBRARY_GENERATION_PCR_POLYMERASE_TYPE	NEBNext High Fidelity (NEB, E7370)
LIBRARY_GENERATION_PCR_PRIMER_CONC	0.4 µM
LIBRARY_GENERATION_PCR_PRODUCT_ISOLATION_PROTOCOL	Agencourt AMPure XP Beads (Beckman Coulter, A63881)
LIBRARY_GENERATION_PCR_R_PRIMER_SEQUENCE	NEBNext Index 16 Primer for Illumina (NEB, E7500) 5´-CAAGCAGAAGACGGCATACGAGATCGGGACGGGTGACTGGAGTTCAGACGTGTGCTCTTCCGATC-s-T-3´
LIBRARY_GENERATION_PCR_TEMPLATE_CONC	N/A
LIBRARY_GENERATION_PCR_THERMOCYCLING_PROGRAM	Initial Denaturation: 98°C for 30 sec; N cycles: 98°C for 10 sec, 65°C for 30 sec, 72°C for 30 sec; Final extension: 72°C for 5 min; Hold at 4°C
LIBRARY_GENERATION_PCR_PRODUCT_LENGTH	200-500 bp; Peak fragment size: 261 bp
LIBRARY_GENERATION_FRAGMENT_SIZE_SELECTION	200-500 bp
LIBRARY_GENERATION_cDNA_FRAGMENTATION	N/A
CHIP_PROTOCOL	Auto Histone ChIP Kit (Diagenode). Decrosslink + RNase/Proteinase K treatment 30 min 37 degrees + 4 hrs 65 degrees. Purification with Qiagen MinElute kit.
CHIP_PROTOCOL_CHROMATIN_AMOUNT	0.015 µg
CHIP_ANTIBODY	N/A
CHIP_ANTIBODY_CATALOG	N/A
CHIP_ANTIBODY_LOT	N/A
CHIP_ANTIBODY_PROVIDER	N/A
CHIP_PROTOCOL_ANTIBODY_AMOUNT	N/A
CHIP_PROTOCOL_BEAD_AMOUNT	N/A
CHIP_PROTOCOL_BEAD_TYPE	N/A
CHIP_PROTOCOL_PERC_CH2O_CROSSLINKING	0.7% formaldehyde
CHIP_PROTOCOL_DURATION_CROSSLINKING	5 min
CHIP_PROTOCOL_SHEARING_METHOD	Duty Cycle: 5 , Peak Incident Power: 140 , Cycles per Burst: 200 , Processing Time: 23 min
CHIP_PROTOCOL_SHEARING_CYCLES	N/A
CHIP_PROTOCOL_SHEARING_FREQUENCY	N/A
CHIP_PROTOCOL_IPSTAR_CONDITIONS	N/A
FULL_LENGTH_PROTOCOL_LINK	Arrigoni L. et al. https://doi.org/10.1093/nar/gkv1495
EXTRACTION_PROTOCOL_SONICATION_CYCLES	Duty Cycle: 5 , Peak Incident Power: 140 , Cycles per Burst: 200 , Processing Time: 23 min
EXTRACTION_PROTOCOL_TYPE_OF_SONICATOR	Covaris S220
DNA_PREPARATION_FRAGMENT_SIZE_RANGE	200-700 bp
DNA_PREPARATION_INITIAL_DNA_QNTY	14.8 ng/µl
SEQUENCING_PLATFORM	Illumina HiSeq 2500
SEQUENCING_PLATFORM_VERSION	Illumina HiSeq 2500
SEQUENCING_CYCLES	2x50 bp, 7 bp Index
SEQUENCING_PE_TYPE	paired end
SEQUENCING_LANE	D265MACXX _Lane 3_Lane 4; D2GD2ACXX_Lane 3
SEQUENCING_FC_ID	D265MACXX, D2GD2ACXX
SEQUENCING_DATE	2013/08/12; 2013/08/30
SEQUENCING_RUN_TYPE	multiplex paired end (2x53 bp, 7 bp Index)
SEQUENCING_CHEMISTRY_VERSION	TruSeq SBS Kit v3 - HS (50-cycles)
SEQUENCING_CLUSTER_GENERATION_KIT_VERSION	TruSeq PE Cluster Kit v3 - cBot - HS
SEQUENCING_PROCESSING_SOFTWARE_VERSION	CASAVA 1.8.3
SEQUENCING_CONTROL_SOFTWARE_VERSION	HCS 2.0.12.0 / RTA 1.17.21.3 / Recipe Fragment 1.3.61.0
