EXPERIMENT_ID	51_Hf13_BlTA_Ct_H3K9me3_F_1
SAMPLE_ID	51_Hf13_BlTA_Ct
TECHNICAL_REPLICATE_ID	1
BIOLOGICAL_REPLICATE_ID	1
CONTACT_PERSON	Laura Arrigoni (arrigoni@ie-freiburg.mpg.de); Andreas Richter (arichter@ie-freiburg.mpg.de); Thomas Manke (manke@ie-freiburg.mpg.de)
CONTACT_LAB	MPI-IE Deep Sequencing Facility; Thomas Manke (manke@ie-freiburg.mpg.de)
EXPERIMENT_DATE	2016/03/23
EXPERIMENT_TYPE	ChIP-seq
EXTRACTION_PROTOCOL	Arrigoni L. et al. https://doi.org/10.1093/nar/gkv1495
EXTRACTION_PROTOCOL_STARTING_NR_CELLS	0.18x10^6
EXTRACTION_PROTOCOL_SONICATION_FRAGMENT_SIZE_RANGE	100-700 
LIBRARY_GENERATION_ADAPTOR_LIGATION_PROTOCOL	NEBNext® Ultra DNA Library Prep Kit for Illumina® (E7370S/L)
LIBRARY_GENERATION_ADAPTOR_SEQUENCE	NEBNext Adaptor for Illumina (NEB,E7335); 5'-/5Phos/GATCGGAAGAGCACACGTCTGAACTCCAGTC/ideoxyU/ACACTCTTTCCCTACACGACGCTCTTCCGATC*T-3'
LIBRARY_GENERATION_PROTOCOL	NEBNext® Ultra DNA Library Prep Kit for Illumina® (E7370S/L)
LIBRARY_GENERATION_INITIAL_INPUT_QNTY	3.1 ng
LIBRARY_GENERATION_PCR_F_PRIMER_SEQUENCE	NEBNext Universal PCR Primer for Illumina (NEB, E7335); 5'-AATGATACGGCGACCACCGAGATCTACACTCTTTCCCTACACGACGCTCTTCCGATC*T-3'
LIBRARY_GENERATION_PCR_NUMBER_CYCLES	12
LIBRARY_GENERATION_PCR_POLYMERASE_TYPE	NEBNext High Fidelity (NEB, E7370)
LIBRARY_GENERATION_PCR_PRIMER_CONC	0.4 µM
LIBRARY_GENERATION_PCR_PRODUCT_ISOLATION_PROTOCOL	Agencourt AMPure XP Beads (Beckman Coulter, A63881)
LIBRARY_GENERATION_PCR_R_PRIMER_SEQUENCE	NEBNext Index 14 Primer for Illumina (NEB, E7500); 5'-CAAGCAGAAGACGGCATACGAGATACGGAACTGTGACTGGAGTTCAGACGTGTGCTCTTCCGATC-s-T-3'
LIBRARY_GENERATION_PCR_TEMPLATE_CONC	N/A
LIBRARY_GENERATION_PCR_THERMOCYCLING_PROGRAM	Initial Denaturation: 98°C for 30 sec; N cycles: 98°C for 10 sec, 65°C for 30 sec, 72°C for 30 sec; Final extension: 72°C for 5 min; Hold at 4°C
LIBRARY_GENERATION_PCR_PRODUCT_LENGTH	200-2000 bp; Peak fragment size: 473 bp
LIBRARY_GENERATION_FRAGMENT_SIZE_SELECTION	200-2000 bp
LIBRARY_GENERATION_cDNA_FRAGMENTATION	N/A
CHIP_PROTOCOL	Auto Histone ChIP Kit (Diagenode). Indirect method.ChIP_16_IPure_200. 13 hrs antibody incubation, 4 hrs beads incubation, 5 min washes. Decrosslink + RNase/Proteinase K treatment 30 min 37 degrees + 4 hrs 65 degrees. Purification with Qiagen MinElute kit
CHIP_PROTOCOL_CHROMATIN_AMOUNT	0.2 µg
CHIP_ANTIBODY	H3K9me3
CHIP_ANTIBODY_CATALOG	C15410193
CHIP_ANTIBODY_LOT	A1671-001P
CHIP_ANTIBODY_PROVIDER	Diagenode
CHIP_PROTOCOL_ANTIBODY_AMOUNT	1 µg
CHIP_PROTOCOL_BEAD_AMOUNT	15 µl
CHIP_PROTOCOL_BEAD_TYPE	A-conjugated magnetic beads (Diagenode)
CHIP_PROTOCOL_PERC_CH2O_CROSSLINKING	1% formaldehyde
CHIP_PROTOCOL_DURATION_CROSSLINKING	5 min
CHIP_PROTOCOL_SHEARING_METHOD	Duty Cycle: 5 , Peak Incident Power: 140  , Cycles per Burst: 200 , Processing Time: 12 min
CHIP_PROTOCOL_SHEARING_CYCLES	N/A
CHIP_PROTOCOL_SHEARING_FREQUENCY	N/A
CHIP_PROTOCOL_IPSTAR_CONDITIONS	Auto Histone ChIP Kit (Diagenode). Indirect method.ChIP_16_IPure_200. 13 hrs antibody incubation, 4 hrs beads incubation, 5 min washes. Decrosslink + RNase/Proteinase K treatment 30 min 37 degrees + 4 hrs 65 degrees. Purification with Qiagen MinElute kit
FULL_LENGTH_PROTOCOL_LINK	Arrigoni L. et al. https://doi.org/10.1093/nar/gkv1495
EXTRACTION_PROTOCOL_SONICATION_CYCLES	Duty Cycle: 5 , Peak Incident Power: 140  , Cycles per Burst: 200 , Processing Time: 12 min
EXTRACTION_PROTOCOL_TYPE_OF_SONICATOR	Covaris E220
DNA_PREPARATION_FRAGMENT_SIZE_RANGE	200-700 bp
DNA_PREPARATION_INITIAL_DNA_QNTY	1.65 ng/µl
SEQUENCING_PLATFORM	Illumina NextSeq 500
SEQUENCING_PLATFORM_VERSION	Illumina NextSeq 500
SEQUENCING_CYCLES	2x75 bp, 7bp Index
SEQUENCING_PE_TYPE	paired end
SEQUENCING_LANE	1
SEQUENCING_FC_ID	AH35NCBGXY
SEQUENCING_DATE	2016/04/20
SEQUENCING_RUN_TYPE	multiplex paired end (2x75 bp, 7 bp Index)
SEQUENCING_CHEMISTRY_VERSION	NextSeq 500/550 High Output v2 kit (300-cycles)
SEQUENCING_CLUSTER_GENERATION_KIT_VERSION	N/A
SEQUENCING_PROCESSING_SOFTWARE_VERSION	bcl2fastq 2.17.1.14
SEQUENCING_CONTROL_SOFTWARE_VERSION	Control Software 2.0.2 / RTA 2.4.11 / Recipe Fragment 2.0.0.2​
