BIOLOGICAL_REPLICATE_ID	[MISSING]
CONTACT_LAB	MPI-IE Deep Sequencing Facility
CONTACT_PERSON	Laura Arrigoni (arrigoni@ie-freiburg.mpg.de); Andreas Richter (arichter@ie-freiburg.mpg.de)
EXPERIMENT_DATE	2016/03/23
EXPERIMENT_ID	51_Hf13_BlTA_Ct_Input_F_1_emd.tsv
EXPERIMENT_TYPE	ChIP-seq
EXTRACTION_PROTOCOL	Arrigoni, L. et al. (2015). Standardizing chromatin research: a simple and universal method for ChIP-seq. Nucleic Acids Res. Gkv1495.
EXTRACTION_PROTOCOL_STARTING_NR_CELLS	no-data
FULL_LENGTH_PROTOCOL_LINK	[MISSING]
LIBRARY_GENERATION_cDNA_FRAGMENTATION	no-data
LIBRARY_GENERATION_FRAGMENT_SIZE_SELECTION	no size selection
LIBRARY_GENERATION_INITIAL_INPUT_QNTY	no-data
LIBRARY_GENERATION_PCR_F_PRIMER_SEQUENCE	NEBNext Universal PCR Primer for Illumina (NEB, E7335); 5'-AATGATACGGCGACCACCGAGATCTACACTCTTTCCCTACACGACGCTCTTCCGATC*T-3'
LIBRARY_GENERATION_PCR_NUMBER_CYCLES	12
LIBRARY_GENERATION_PCR_POLYMERASE_TYPE	NEBNext High Fidelity (NEB, E7370)
LIBRARY_GENERATION_PCR_PRIMER_CONC	not given in the protocol (1 micro l of universal and 1 micro l of index primer per 50 micro l PCR reaction)
LIBRARY_GENERATION_PCR_PRODUCT_ISOLATION_PROTOCOL	Agencourt AMPure XP Beads (Beckman Coulter, A63881)
LIBRARY_GENERATION_PCR_PRODUCT_LENGTH	Fragment size distribution from 200 bp to 2000 bp, Peak fragment size: 300 bp
LIBRARY_GENERATION_PCR_R_PRIMER_SEQUENCE	NEBNext Index 21 Primer for Illumina (NEB, E7500); 5'-CAAGCAGAAGACGGCATACGAGATTCCGAAACGTGACTGGAGTTCAGACGTGTGCTCTTCCGATC-s-T-3'
LIBRARY_GENERATION_PCR_TEMPLATE_CONC	Prior to PCR not meassured, Starting amount for library preparation: 8.2 ng fragmented IP DNA
LIBRARY_GENERATION_PCR_THERMOCYCLING_PROGRAM	Initial Denaturation: 98C for 30 sec; 10 cycles: 98C for 10 sec, 65C for 30 sec, 72C for 30 sec; Final extension: 72C for 5 min; Hold at 4C
LIBRARY_GENERATION_PROTOCOL	NEBNext Ultra DNA Kit (NEB, E7370)
RNA_cDNA_PREPARATION_INITIAL_RNA_QNTY	no-data
RNA_cDNA_PREPARATION_PCR_NUMBER_CYCLES	no-data
RNA_cDNA_PREPARATION_REVERSE_TRANSCRIPTION_PROTOCOL	no-data
RNA_EXTRACTION_PROTOCOL	no-data
RNA_EXTRACTION_PROTOCOL_FRAGMENTATION	no-data
RNA_PREPARATION_3'_RNA_ADAPTER_LIGATION_PROTOCOL	no-data
RNA_PREPARATION_3'_RNA_ADAPTER_SEQUENCE	no-data
RNA_PREPARATION_5'_DEPHOSPHORYLATION	no-data
RNA_PREPARATION_5'_PHOSPHORYLATION	no-data
RNA_PREPARATION_5'_RNA_ADAPTER_LIGATION_PROTOCOL	no-data
RNA_PREPARATION_5'_RNA_ADAPTER_SEQUENCE	no-data
RNA_PREPARATION_FRAGMENT_SIZE_RANGE	no-data
RNA_PREPARATION_INITIAL_QNTY	no-data
RNA_PREPARATION_REVERSE_TRANSCRIPTION_PRIMER_SEQUENCE	no-data
RNA_PREPARATION_REVERSE_TRANSCRIPTION_PROTOCOL	no-data
RNA_PROTOCOL_ENRICHMENT	no-data
SAMPLE_ID	51_Hf13_BlTA_Ct_Input_F_1
SEQUENCING_CHEMISTRY_VERSION	NextSeq 500/550 High Output v2 kit (300-cycles)
SEQUENCING_CLUSTER_GENERATION_KIT_VERSION	n/a
SEQUENCING_CONTROL_SOFTWARE_VERSION	Control Software 2.0.2 / RTA 2.4.11 / Recipe Fragment 2.0.0.2
SEQUENCING_CYCLES	2x75 bp, 7bp Index
SEQUENCING_DATE	20/4/2016
SEQUENCING_LANE	1
SEQUENCING_PE_TYPE	paired end
SEQUENCING_PLATFORM	Illumina NextSeq
SEQUENCING_PLATFORM_VERSION	500
SEQUENCING_PROCESSING_SOFTWARE_VERSION	bcl2fastq 2.17.1.14
SEQUENCING_RUN_TYPE	multiplex paired end (2x75 bp, 7 bp Index)
TECHNICAL_REPLICATE_ID	no technical replicate
ChromatinAccessibility_CHROMATIN_AMOUNT	no-data
ChromatinAccessibility_CHROMATIN_STATUS	no-data
ChromatinAccessibility_ENZYME	no-data
ChromatinAccessibility_ENZYME_AMOUNT	no-data
ChromatinAccessibility_ENZYME_LOT	no-data
ChromatinAccessibility_ENZYME_PROVIDER	no-data
ChromatinAccessibility_METHOD	no-data
ChromatinAccessibility_PROTOCOL	no-data
EXTRACTION_PROTOCOL_SONICATION_FRAGMENT_SIZE_RANGE	no-data
LIBRARY_GENERATION_ADAPTOR_LIGATION_PROTOCOL	no-data
LIBRARY_GENERATION_ADAPTOR_SEQUENCE	NEBNext Adaptor for Illumina (NEB,E7335); 5'-/5Phos/GATCGGAAGAGCACACGTCTGAACTCCAGTC/ideoxyU/ACACTCTTTCCCTACACGACGCTCTTCCGATC*T-3'
CHIP_ANTIBODY	no ab
CHIP_ANTIBODY_CATALOG	no ab
CHIP_ANTIBODY_LOT	no ab
CHIP_ANTIBODY_PROVIDER	no ab
CHIP_PROTOCOL	Auto Histone ChIP Kit (Diagenode). Indirect method: ChIP_IPure_200. 13 hrs antibody incubation, 4 hrs beads incubation, 5 min washes. Decrosslink + RNase/Proteinase K treatment 30 min 37 degrees + 4 hrs 65 degrees. Purification with Qiagen MinElute kit.
CHIP_PROTOCOL_ANTIBODY_AMOUNT	no ab
CHIP_PROTOCOL_BEAD_AMOUNT	no ab
CHIP_PROTOCOL_BEAD_TYPE	no ab
CHIP_PROTOCOL_CHROMATIN_AMOUNT	12 ng
CHIP_PROTOCOL_DURATION_CROSSLINKING	no-data
CHIP_PROTOCOL_IPSTAR_CONDITIONS	no-data
CHIP_PROTOCOL_PERC_CH2O_CROSSLINKING	no-data
CHIP_PROTOCOL_SHEARING_CYCLES	no-data
CHIP_PROTOCOL_SHEARING_FREQUENCY	no-data
CHIP_PROTOCOL_SHEARING_METHOD	no-data
BISULFITE_CONVERSION_PROTOCOL	no-data
DNA_PREPARATION_FRAGMENT_SIZE_RANGE	200-700 bp
DNA_PREPARATION_INITIAL_DNA_QNTY	1.65 ng/micro l
EXTRACTION_PROTOCOL_SONICATION_CYCLES	Duty Cycle: 5 , Peak Incident Power: 140  , Cycles per Burst: 200 , Processing Time: 12 min
EXTRACTION_PROTOCOL_TYPE_OF_SONICATOR	Covaris E220
SEQUENCING_FC_ID	AH35NCBGXY
