BIOLOGICAL_REPLICATE_ID	0
CONTACT_LAB	MDC
CONTACT_PERSON	Madlen Sohn (madlen.sohn@mdc-berlin.de)
EXPERIMENT_DATE	10/23/14
EXPERIMENT_ID	51_Hf03_BlEM_Ct_tRNA_M_1_emd.tsv
EXPERIMENT_TYPE	StrandedTotalRNA-seq
EXTRACTION_PROTOCOL	TRIzol RNA Isolation for Cells. TRIzol (Life Technologies, 15596-018) RNA Isolation, performed following the manufacturer instruction to isolate total RNA, used 1 ml TRIzol per Sample. Followed by Isopropyl alcohol/Ethanol precipitation
EXTRACTION_PROTOCOL_STARTING_NR_CELLS	5E7
FULL_LENGTH_PROTOCOL_LINK	http://supportres.illumina.com/documents/documentation/chemistry_documentation/samplepreps_truseq/truseqstrandedtotalrna/truseq-stranded-total-rna-sample-prep-guide-15031048-e.pdf
LIBRARY_GENERATION_cDNA_FRAGMENTATION	Full-length cDNA was sheared using fragmentation mix from TruSeq kit, 8' at 94°C
LIBRARY_GENERATION_FRAGMENT_SIZE_SELECTION	none
LIBRARY_GENERATION_INITIAL_INPUT_QNTY	500ng total RNA
LIBRARY_GENERATION_PCR_F_PRIMER_SEQUENCE	5'ATGATACGGCGACCACCGAGATCTACACTCTTTCCCTACACGACGCTCTTCCGATCT
LIBRARY_GENERATION_PCR_NUMBER_CYCLES	15
LIBRARY_GENERATION_PCR_POLYMERASE_TYPE	From mastermix of TruSeq stranded totalRNA kit
LIBRARY_GENERATION_PCR_PRIMER_CONC	no-data
LIBRARY_GENERATION_PCR_PRODUCT_ISOLATION_PROTOCOL	AmpureXP beads
LIBRARY_GENERATION_PCR_PRODUCT_LENGTH	289
LIBRARY_GENERATION_PCR_R_PRIMER_SEQUENCE	5' GATCGGAAGAGCACACGTCTGAACTCCAGTCAC CCGTCC ATCTCGTATGCCGTCTTCTGCTTG
LIBRARY_GENERATION_PCR_TEMPLATE_CONC	500ng total RNA
LIBRARY_GENERATION_PCR_THERMOCYCLING_PROGRAM	30s 9°C, [10s 98°C, 30s 60°C, 30s 72°C] 15 cycles, 5' 72°C, hold 4°C
LIBRARY_GENERATION_PROTOCOL	Illumina TrueSeq stranded totalRNA (Part # 15031048 Rev. E)
RNA_cDNA_PREPARATION_INITIAL_RNA_QNTY	500ng total RNA
RNA_cDNA_PREPARATION_PCR_NUMBER_CYCLES	0
RNA_cDNA_PREPARATION_REVERSE_TRANSCRIPTION_PROTOCOL	16°C for 1h
RNA_EXTRACTION_PROTOCOL	Trizol (Life Technologies Cat. No. 15596-018)
RNA_EXTRACTION_PROTOCOL_FRAGMENTATION	0
RNA_PREPARATION_3'_RNA_ADAPTER_LIGATION_PROTOCOL	according to Illumina TruSeq stranded totalRNA protocol
RNA_PREPARATION_3'_RNA_ADAPTER_SEQUENCE	according to Illumina TruSeq stranded totalRNA protocol
RNA_PREPARATION_5'_DEPHOSPHORYLATION	according to Illumina TruSeq stranded totalRNA protocol
RNA_PREPARATION_5'_PHOSPHORYLATION	according to Illumina TruSeq stranded totalRNA protocol
RNA_PREPARATION_5'_RNA_ADAPTER_LIGATION_PROTOCOL	according to Illumina TruSeq stranded totalRNA protocol
RNA_PREPARATION_5'_RNA_ADAPTER_SEQUENCE	according to Illumina TruSeq stranded totalRNA protocol
RNA_PREPARATION_FRAGMENT_SIZE_RANGE	0
RNA_PREPARATION_INITIAL_QNTY	500ng total RNA
RNA_PREPARATION_REVERSE_TRANSCRIPTION_PRIMER_SEQUENCE	according to Illumina TruSeq stranded totalRNA protocol
RNA_PREPARATION_REVERSE_TRANSCRIPTION_PROTOCOL	according to Illumina TruSeq stranded totalRNA protocol
RNA_PROTOCOL_ENRICHMENT	RiboZeroGold depleted total RNA
SAMPLE_ID	51_Hf03_BlEM_Ct
SEQUENCING_CHEMISTRY_VERSION	TruSeq 200 cycle kit v3
SEQUENCING_CLUSTER_GENERATION_KIT_VERSION	PE TruSeq Cluster Kit v3
SEQUENCING_CONTROL_SOFTWARE_VERSION	HCS 2.2.38 / RTA 1.18.61 / Recipe Fragment 1.5.14.0
SEQUENCING_CYCLES	209
SEQUENCING_DATE	11/10/2014
SEQUENCING_LANE	5-8
SEQUENCING_PE_TYPE	PAIRED END
SEQUENCING_PLATFORM	Illumina HiSeq 2500
SEQUENCING_PLATFORM_VERSION	2000
SEQUENCING_PROCESSING_SOFTWARE_VERSION	CASAVA 1.8.2
SEQUENCING_RUN_TYPE	Multiplexed PE 2x101 + 7 Index
TECHNICAL_REPLICATE_ID	0
ChromatinAccessibility_CHROMATIN_AMOUNT	no-data
ChromatinAccessibility_CHROMATIN_STATUS	no-data
ChromatinAccessibility_ENZYME	no-data
ChromatinAccessibility_ENZYME_AMOUNT	no-data
ChromatinAccessibility_ENZYME_LOT	no-data
ChromatinAccessibility_ENZYME_PROVIDER	no-data
ChromatinAccessibility_METHOD	no-data
ChromatinAccessibility_PROTOCOL	no-data
EXTRACTION_PROTOCOL_SONICATION_FRAGMENT_SIZE_RANGE	no-data
LIBRARY_GENERATION_ADAPTOR_LIGATION_PROTOCOL	no-data
LIBRARY_GENERATION_ADAPTOR_SEQUENCE	no-data
CHIP_ANTIBODY	no-data
CHIP_ANTIBODY_CATALOG	no-data
CHIP_ANTIBODY_LOT	no-data
CHIP_ANTIBODY_PROVIDER	no-data
CHIP_PROTOCOL	no-data
CHIP_PROTOCOL_ANTIBODY_AMOUNT	no-data
CHIP_PROTOCOL_BEAD_AMOUNT	no-data
CHIP_PROTOCOL_BEAD_TYPE	no-data
CHIP_PROTOCOL_CHROMATIN_AMOUNT	no-data
CHIP_PROTOCOL_DURATION_CROSSLINKING	no-data
CHIP_PROTOCOL_IPSTAR_CONDITIONS	no-data
CHIP_PROTOCOL_PERC_CH2O_CROSSLINKING	no-data
CHIP_PROTOCOL_SHEARING_CYCLES	no-data
CHIP_PROTOCOL_SHEARING_FREQUENCY	no-data
CHIP_PROTOCOL_SHEARING_METHOD	no-data
BISULFITE_CONVERSION_PROTOCOL	no-data
DNA_PREPARATION_FRAGMENT_SIZE_RANGE	no-data
DNA_PREPARATION_INITIAL_DNA_QNTY	no-data
EXTRACTION_PROTOCOL_SONICATION_CYCLES	no-data
EXTRACTION_PROTOCOL_TYPE_OF_SONICATOR	no-data
SEQUENCING_FC_ID	no-data
