EXPERIMENT_ID	51_Hf03_BlEM_Ct_WGBS_S_1
SAMPLE_ID	51_Hf03_BlEM_Ct
TECHNICAL_REPLICATE_ID	1
BIOLOGICAL_REPLICATE_ID	1
CONTACT_PERSON	Gilles Gasparoni, gillesgasparoni@gmail.com
CONTACT_LAB	Walter
EXPERIMENT_DATE	2014-10-06
EXPERIMENT_TYPE	DNA Methylation
EXTRACTION_PROTOCOL	PCI
EXTRACTION_PROTOCOL_STARTING_NR_CELLS	500000
EXTRACTION_PROTOCOL_SONICATION_FRAGMENT_SIZE_RANGE	100-500
BISULFITE_CONVERSION_PROTOCOL	Zymo Gold
LIBRARY_GENERATION_ADAPTOR_LIGATION_PROTOCOL	Illumina TruSeq PCR free library preparation
LIBRARY_GENERATION_ADAPTOR_SEQUENCE	GCCAAT
LIBRARY_GENERATION_PROTOCOL	Illumina TruSeq PCR free library preparation
LIBRARY_GENERATION_INITIAL_INPUT_QNTY	2000 ng
LIBRARY_GENERATION_PCR_F_PRIMER_SEQUENCE	AATGATACGGCGACCACCGAGATCTACAC
LIBRARY_GENERATION_PCR_NUMBER_CYCLES	9
LIBRARY_GENERATION_PCR_POLYMERASE_TYPE	HotStart Taq (Qiagen)
LIBRARY_GENERATION_PCR_PRIMER_CONC	200 nM
LIBRARY_GENERATION_PCR_PRODUCT_ISOLATION_PROTOCOL	Ampure Beads XP
LIBRARY_GENERATION_PCR_R_PRIMER_SEQUENCE	CAAGCAGAAGACGGCATACGAGAT
LIBRARY_GENERATION_PCR_TEMPLATE_CONC	42.4
LIBRARY_GENERATION_PCR_THERMOCYCLING_PROGRAM	15m @ 95C, 9*(30s @ 95C, 30s @ 60C, 1m @ 72C), 7m @ 72C, hold at 4C
LIBRARY_GENERATION_PCR_PRODUCT_LENGTH	450 bp
LIBRARY_GENERATION_FRAGMENT_SIZE_SELECTION	200-500
LIBRARY_GENERATION_cDNA_FRAGMENTATION	Bioruptor NGS
