EXPERIMENT_ID	43_Hm05_BlMa_TE_NOMe_S_1
SAMPLE_ID	43_Hm05_BlMa_TE
TECHNICAL_REPLICATE_ID	1
BIOLOGICAL_REPLICATE_ID	1
CONTACT_PERSON	Gilles Gasparoni, gillesgasparoni@gmail.com
CONTACT_LAB	Walter
EXPERIMENT_DATE	2014-07-29
EXPERIMENT_TYPE	NOMe
EXTRACTION_PROTOCOL	N/A
EXTRACTION_PROTOCOL_STARTING_NR_CELLS	N/A
EXTRACTION_PROTOCOL_SONICATION_FRAGMENT_SIZE_RANGE	N/A
BISULFITE_CONVERSION_PROTOCOL	Zymo EZ-DNA methylation-Gold
LIBRARY_GENERATION_ADAPTOR_LIGATION_PROTOCOL	EpiGnome
LIBRARY_GENERATION_ADAPTOR_SEQUENCE	CTTGTA
LIBRARY_GENERATION_PROTOCOL	EpiGnome
LIBRARY_GENERATION_INITIAL_INPUT_QNTY	100 ng
LIBRARY_GENERATION_PCR_F_PRIMER_SEQUENCE	AATGATACGGCGACCACCGAGATCTACAC
LIBRARY_GENERATION_PCR_NUMBER_CYCLES	10
LIBRARY_GENERATION_PCR_POLYMERASE_TYPE	EpiCentre FailSafe PCR Enzyme
LIBRARY_GENERATION_PCR_PRIMER_CONC	200 nM
LIBRARY_GENERATION_PCR_PRODUCT_ISOLATION_PROTOCOL	Ampure Beads XP
LIBRARY_GENERATION_PCR_R_PRIMER_SEQUENCE	CAAGCAGAAGACGGCATACGAGATNNNNNNGTGACTGGAGTTCAGACGTGTGCTCTTCCGATCT
LIBRARY_GENERATION_PCR_TEMPLATE_CONC	5.3
LIBRARY_GENERATION_PCR_THERMOCYCLING_PROGRAM	1m @ 95°C, 10*(30s @ 95°C, 30s @ 55°C, 3m @ 68°C), 7m @ 68°C, hold at 4°C
LIBRARY_GENERATION_PCR_PRODUCT_LENGTH	380
LIBRARY_GENERATION_FRAGMENT_SIZE_SELECTION	N/A
LIBRARY_GENERATION_cDNA_FRAGMENTATION	N/A
ChromatinAccessibility_METHOD	NOMe
ChromatinAccessibility_PROTOCOL	DEEP.NOMe.v1
ChromatinAccessibility_CHROMATIN_AMOUNT	500000
ChromatinAccessibility_ENZYME	M. CviPI
ChromatinAccessibility_ENZYME_PROVIDER	NEB
ChromatinAccessibility_ENZYME_LOT	N/A
ChromatinAccessibility_CHROMATIN_STATUS	Fixed
ChromatinAccessibility_ENZYME_AMOUNT	60 U/ml
BIOMATERIAL_PROVIDER	Stefan Wallner/Regensburg University Hospital
BIOMATERIAL_TYPE	primary cell culture
biosource_name	macrophage
CELL_TYPE	macrophage
COMMENT	Apo E3/E3 genotype
CULTURE_CONDITIONS	5d MCSF + 1d eLDL
data_type	signal
DEEP_SAMPLE_ID	43_Hm05_BlMa_TE
DISEASE	obesity
DONOR_AGE	25
DONOR_AGE_UNIT	year
DONOR_ETHNICITY	caucasian
DONOR_HEALTH_STATUS	healthy
DONOR_ID	43_Hm05
DONOR_SEX	male
epigenetic_mark	DNA Accessibility
experiment	43_Hm05_BlMa_TE_NOMe_S_1.NCSv2.20150424.GRCh37.filtered.GCH.bedgraph
genome	hs37d5
MARKERS	-
ORGANISM	Homo sapiens
POOL	no
source	DEEP
STATUS	loaded eLDL
technique	NOMe-seq
TISSUE_TYPE	blood
