EXPERIMENT_ID	51_Hf08_BmTM8_SP1_RRBS_S_1
SAMPLE_ID	51_Hf08_BmTM8_SP1
TECHNICAL_REPLICATE_ID	1
BIOLOGICAL_REPLICATE_ID	1
CONTACT_PERSON	Gilles Gasparoni, gillesgasparoni@gmail.com
CONTACT_LAB	Walter Lab; j.walter@mx.uni-saarland.de
EXPERIMENT_DATE	2015/07/25
EXPERIMENT_TYPE	RRBS
EXTRACTION_PROTOCOL	N/A
EXTRACTION_PROTOCOL_STARTING_NR_CELLS	N/A
EXTRACTION_PROTOCOL_SONICATION_FRAGMENT_SIZE_RANGE	N/A
LIBRARY_GENERATION_ADAPTOR_LIGATION_PROTOCOL	DEEP.RRBS.v1
LIBRARY_GENERATION_ADAPTOR_SEQUENCE	CGATGT
LIBRARY_GENERATION_PROTOCOL	DEEP.RRBS.v1
LIBRARY_GENERATION_INITIAL_INPUT_QNTY	100 ng
LIBRARY_GENERATION_PCR_F_PRIMER_SEQUENCE	AATGATACGGCGACCACCGAGATCTACAC
LIBRARY_GENERATION_PCR_NUMBER_CYCLES	15
LIBRARY_GENERATION_PCR_POLYMERASE_TYPE	Cambridge Epigentics True Methyl Kit Polymerase
LIBRARY_GENERATION_PCR_PRIMER_CONC	N/A
LIBRARY_GENERATION_PCR_PRODUCT_ISOLATION_PROTOCOL	Ampure Beads XP
LIBRARY_GENERATION_PCR_R_PRIMER_SEQUENCE	CAAGCAGAAGACGGCATACGAGAT
LIBRARY_GENERATION_PCR_TEMPLATE_CONC	N/A
LIBRARY_GENERATION_PCR_THERMOCYCLING_PROGRAM	2m @ 95C, 15*(30s @ 95C, 20s @ 60C, 45s @ 72C), hold at 4C
LIBRARY_GENERATION_PCR_PRODUCT_LENGTH	300
LIBRARY_GENERATION_FRAGMENT_SIZE_SELECTION	N/A
LIBRARY_GENERATION_cDNA_FRAGMENTATION	HaeIII
SEQUENCING_PLATFORM	Illumina HiSeq 2500
SEQUENCING_PLATFORM_VERSION	2500
SEQUENCING_CYCLES	100
SEQUENCING_PE_TYPE	paired end;single end;single end;single end
SEQUENCING_LANE	2
SEQUENCING_DATE	2015/09/29;2015/08/07;2015/10/20;2015/11/11
SEQUENCING_RUN_TYPE	Singleplexed PE 2x100 1 Index;Singleplexed SE 1x100 1 Index;Singleplexed SE 1x100 1 Index;Singleplexed SE 1x100 1 Index
SEQUENCING_CHEMISTRY_VERSION	TruSeq SBS Kit v3
SEQUENCING_CLUSTER_GENERATION_KIT_VERSION	TruSeq PE Cluster Kit v3 - cBot - HS;TruSeq SR Cluster Kit v3 - cBot - HS;TruSeq SR Cluster Kit v3 - cBot - HS;TruSeq SR Cluster Kit v3 - cBot - HS
SEQUENCING_PROCESSING_SOFTWARE_VERSION	bcl2fastq 1.8.4
SEQUENCING_CONTROL_SOFTWARE_VERSION	HCS 2.2.38 / RTA 1.18.61 / Recipe Fragment 1.5.14.0
BISULFITE_CONVERSION_PROTOCOL	Cambridge Epigenetics True Methyl Kit
