EXPERIMENT_ID	51_Hf10_SFTM4_RD_INPUT_F_1
SAMPLE_ID	51_Hf10_SFTM4_RD
TECHNICAL_REPLICATE_ID	1
BIOLOGICAL_REPLICATE_ID	1
CONTACT_PERSON	Laura Arrigoni (arrigoni@ie-freiburg.mpg.de); Andreas Richter (arichter@ie-freiburg.mpg.de); Thomas Manke (manke@ie-freiburg.mpg.de)
CONTACT_LAB	MPI-IE Deep Sequencing Facility; Thomas Manke (manke@ie-freiburg.mpg.de)
EXPERIMENT_DATE	2016/02/15
EXPERIMENT_TYPE	ChIP-seq
EXTRACTION_PROTOCOL	Arrigoni L. et al. https://doi.org/10.1093/nar/gkv1495
EXTRACTION_PROTOCOL_STARTING_NR_CELLS	1x10^6
EXTRACTION_PROTOCOL_SONICATION_FRAGMENT_SIZE_RANGE	100-700 
LIBRARY_GENERATION_ADAPTOR_LIGATION_PROTOCOL	NEBNext® Ultra DNA Library Prep Kit for Illumina® (E7370S/L)
LIBRARY_GENERATION_ADAPTOR_SEQUENCE	NEBNext Adaptor for Illumina (NEB,E7335); 5'-/5Phos/GATCGGAAGAGCACACGTCTGAACTCCAGTC/ideoxyU/ACACTCTTTCCCTACACGACGCTCTTCCGATC*T-3'
LIBRARY_GENERATION_PROTOCOL	NEBNext® Ultra DNA Library Prep Kit for Illumina® (E7370S/L)
LIBRARY_GENERATION_INITIAL_INPUT_QNTY	10 ng
LIBRARY_GENERATION_PCR_F_PRIMER_SEQUENCE	NEBNext Universal PCR Primer for Illumina (NEB, E7335); 5'-AATGATACGGCGACCACCGAGATCTACACTCTTTCCCTACACGACGCTCTTCCGATC*T-3'
LIBRARY_GENERATION_PCR_NUMBER_CYCLES	13
LIBRARY_GENERATION_PCR_POLYMERASE_TYPE	NEBNext High Fidelity (NEB, E7370)
LIBRARY_GENERATION_PCR_PRIMER_CONC	0.4 µM
LIBRARY_GENERATION_PCR_PRODUCT_ISOLATION_PROTOCOL	Agencourt AMPure XP Beads (Beckman Coulter, A63881)
LIBRARY_GENERATION_PCR_R_PRIMER_SEQUENCE	NEBNext Index 18 Primer for Illumina (NEB, E7500); 5´-CAAGCAGAAGACGGCATACGAGATGTGCGGACGTGACTGGAGTTCAGACGTGTGCTCTTCCGATC-s-T-3´
LIBRARY_GENERATION_PCR_TEMPLATE_CONC	N/A
LIBRARY_GENERATION_PCR_THERMOCYCLING_PROGRAM	Initial Denaturation: 98°C for 30 sec; N cycles: 98°C for 10 sec, 65°C for 30 sec, 72°C for 30 sec; Final extension: 72°C for 5 min; Hold at 4°C
LIBRARY_GENERATION_PCR_PRODUCT_LENGTH	200-2000 bp; Peak fragment size: 309 bp
LIBRARY_GENERATION_FRAGMENT_SIZE_SELECTION	200-2000 bp
LIBRARY_GENERATION_cDNA_FRAGMENTATION	N/A
CHIP_PROTOCOL	Auto Histone ChIP Kit (Diagenode). Decrosslink + RNase/Proteinase K treatment 30 min 37 degrees + 4 hrs 65 degrees. Purification with Qiagen MinElute kit.
CHIP_PROTOCOL_CHROMATIN_AMOUNT	0.010  µg
CHIP_ANTIBODY	N/A
CHIP_ANTIBODY_CATALOG	N/A
CHIP_ANTIBODY_LOT	N/A
CHIP_ANTIBODY_PROVIDER	N/A
CHIP_PROTOCOL_ANTIBODY_AMOUNT	N/A
CHIP_PROTOCOL_BEAD_AMOUNT	N/A
CHIP_PROTOCOL_BEAD_TYPE	N/A
CHIP_PROTOCOL_PERC_CH2O_CROSSLINKING	1% formaldeyde
CHIP_PROTOCOL_DURATION_CROSSLINKING	5 min
CHIP_PROTOCOL_SHEARING_METHOD	Duty Cycle: 5 , Peak Incident Power: 140  , Cycles per Burst: 200 , Processing Time: 12 min
CHIP_PROTOCOL_SHEARING_CYCLES	N/A
CHIP_PROTOCOL_SHEARING_FREQUENCY	N/A
CHIP_PROTOCOL_IPSTAR_CONDITIONS	N/A
FULL_LENGTH_PROTOCOL_LINK	Arrigoni L. et al. https://doi.org/10.1093/nar/gkv1495
EXTRACTION_PROTOCOL_SONICATION_CYCLES	Duty Cycle: 5 , Peak Incident Power: 140  , Cycles per Burst: 200 , Processing Time: 12 min
EXTRACTION_PROTOCOL_TYPE_OF_SONICATOR	Covaris E220
DNA_PREPARATION_FRAGMENT_SIZE_RANGE	200-700 bp
DNA_PREPARATION_INITIAL_DNA_QNTY	9.99 ng/µl
SEQUENCING_PLATFORM	Illumina HiSeq 2500
SEQUENCING_PLATFORM_VERSION	Illumina HiSeq 2500
SEQUENCING_CYCLES	2x50 bp, 7 bp Index
SEQUENCING_PE_TYPE	paired end
SEQUENCING_LANE	1; 1 to 6; 1 to 6
SEQUENCING_FC_ID	AC8F6GACXX; AC8NJ6ACXX; BC8HU5ACXX
SEQUENCING_DATE	2016/03/04; 2016/03/31; 2016/04/19
SEQUENCING_RUN_TYPE	multiplex paired end (2x53 bp, 7 bp Index)
SEQUENCING_CHEMISTRY_VERSION	TruSeq SBS Kit v3 - HS (50-cycles)
SEQUENCING_CLUSTER_GENERATION_KIT_VERSION	TruSeq PE Cluster Kit v3 - cBot - HS
SEQUENCING_PROCESSING_SOFTWARE_VERSION	bcl2fastq 2.17.1.14
SEQUENCING_CONTROL_SOFTWARE_VERSION	HCS 2.2.58 / RTA 1.18.64 / Recipe Fragment 1.5.21.0
